"","V1"
"i",c(1, 1, 1, 1, 1, 1, 1, 1, 1, 1, 1, 1, 1, 1, 1, 1, 1, 1, 1, 1, 1, 1, 1, 1, 1, 1, 1, 1, 1, 1, 1, 1, 1, 1, 1, 1, 1, 1, 1, 1, 1, 1, 1, 1, 1, 1, 1, 1, 1, 1, 1, 1, 1, 1, 1, 1, 1, 1, 1, 1, 1, 1, 1, 1, 1, 1, 1, 1, 1, 1, 1, 1, 1, 1, 1, 1, 1, 1, 1, 1, 1, 1, 1, 1, 1, 1, 1, 1, 1, 1, 1, 1, 1, 1, 1, 1, 1, 1, 1, 1, 1, 1, 1, 1, 1, 1, 1, 1, 1, 1, 1, 1, 1, 1, 1, 1, 1, 1, 1, 1, 1, 1, 1, 1, 1, 1, 1, 1, 1, 1, 1, 1, 1, 1, 1, 1, 1, 1, 1, 1, 1, 1, 1, 1, 1, 1, 1, 1, 1, 1, 1, 1, 1, 1, 1, 1, 1, 1, 1, 1, 1, 1, 1, 1, 1, 1, 1, 
1, 1, 1, 1, 1, 1, 1, 1, 1, 1, 1, 1, 1, 1, 1, 1, 1, 1, 1, 1, 1, 1, 1, 1, 1, 1, 1, 1, 1, 1, 1, 1, 1, 1, 1, 1, 1, 1, 1, 1, 1, 1, 1, 1, 1, 1, 1, 1, 1, 1, 1, 1, 1, 1, 1, 1, 1, 1, 1, 1, 1, 1, 1, 1, 1, 1, 1, 1, 1, 1, 1, 1, 1, 1, 1, 1, 1, 1, 1, 1, 1, 1, 1, 1, 1, 1, 1, 1, 1, 1, 1, 1, 1, 1, 1, 1, 1, 1, 1, 1, 1, 1, 1, 1, 1, 1, 1, 1, 1, 1, 1, 1, 1, 1, 1, 1, 1, 1, 1, 1, 1, 1, 1, 1, 1, 1, 1, 1, 1, 1, 1, 1, 1, 1, 1, 1, 1, 1, 1, 1, 1, 1, 1, 2, 2, 2, 2, 2, 2, 2, 2, 2, 2, 2, 2, 2, 2, 2, 2, 2, 2, 2, 2, 2, 2, 2, 2, 
2, 2, 2, 2, 2, 2, 2, 2, 2, 2, 2, 2, 2, 2, 2, 2, 2, 2, 2, 2, 2, 2, 2, 2, 2, 2, 2, 2, 2, 2, 2, 2, 2, 2, 2, 2, 2, 2, 2, 2, 2, 2, 2, 2, 2, 2, 2, 2, 2, 2, 2, 2, 2, 2, 2, 2, 2, 2, 2, 2, 2, 2, 2, 2, 2, 2, 2, 2, 2, 2, 2, 2, 2, 2, 2, 2, 2, 2, 2, 2, 2, 2, 2, 2, 2, 2, 2, 2, 2, 2, 2, 2, 2, 2, 2, 2, 2, 2, 2, 2, 2, 2, 2, 2, 2, 2, 2, 2, 2, 2, 2, 2, 2, 2, 2, 2, 2, 2, 2, 2, 2, 2, 2, 2, 2, 2, 2, 2, 2, 2, 2, 2, 2, 2, 2, 2, 2, 2, 2, 2, 2, 2, 2, 2, 2, 2, 2, 2, 2, 2, 2, 2, 2, 2, 2, 2, 2, 2, 2, 2, 2, 2, 2, 2, 2, 2, 2, 
2, 2, 2, 2, 2, 2, 2, 2, 2, 2, 2, 2, 2, 2, 2, 2, 2, 2, 2, 2, 2, 2, 2, 2, 2, 2, 2, 2, 2, 2, 2, 2, 2, 2, 2, 2, 2, 2, 2, 2, 2, 2, 2, 2, 2, 2, 2, 2, 2, 2, 2, 2, 2, 2, 2, 2, 2, 2, 2, 2, 2, 2, 2, 2, 2, 2, 2, 2, 2, 2, 2, 2, 2, 2, 2, 2, 2, 2, 2, 2, 2, 2, 2, 2, 2, 2, 2, 2, 2, 2, 2, 2, 2, 2, 2, 2, 2, 2, 2, 2, 2, 2, 2, 3, 3, 3, 3, 3, 3, 3, 3, 3, 3, 3, 3, 3, 3, 3, 3, 3, 3, 3, 3, 3, 3, 3, 3, 3, 3, 3, 3, 3, 3, 3, 3, 3, 3, 3, 3, 3, 3, 3, 3, 3, 3, 3, 3, 3, 3, 3, 3, 3, 3, 3, 3, 3, 3, 3, 3, 3, 3, 3, 3, 3, 3, 3, 3, 
3, 3, 3, 3, 3, 3, 3, 3, 3, 3, 3, 3, 3, 3, 3, 3, 3, 3, 3, 3, 3, 3, 3, 3, 3, 3, 3, 3, 3, 3, 3, 3, 3, 3, 3, 3, 3, 3, 3, 3, 3, 3, 3, 3, 3, 3, 3, 3, 3, 3, 3, 3, 3, 3, 3, 3, 3, 3, 3, 3, 3, 3, 3, 3, 3, 3, 3, 3, 3, 3, 3, 3, 3, 3, 3, 3, 3, 3, 3, 3, 3, 3, 3, 3, 3, 3, 3, 3, 3, 3, 3, 3, 3, 3, 3, 3, 3, 3, 3, 3, 3, 3, 3, 3, 3, 3, 3, 3, 3, 3, 3, 3, 3, 3, 3, 3, 3, 3, 3, 3, 3, 3, 3, 3, 3, 3, 3, 3, 3, 3, 3, 3, 3, 3, 3, 3, 3, 3, 3, 3, 3, 3, 3, 3, 3, 3, 3, 3, 3, 3, 3, 3, 3, 3, 3, 3, 3, 3, 3, 3, 3, 3, 3, 3, 3, 3, 3, 
3, 3, 3, 3, 3, 3, 3, 3, 3, 3, 3, 3, 3, 3, 3, 3, 3, 3, 3, 3, 3, 3, 3, 3, 3, 3, 3, 3, 3, 3, 3, 3, 3, 3, 3, 3, 3, 3, 3, 3, 3, 3, 3, 3, 3, 3, 3, 3, 3, 3, 3, 3, 3, 3, 3, 3, 3, 3, 3, 3, 3, 3, 3, 3, 3, 3, 3, 3, 3, 3, 3, 3, 3, 3, 3, 3, 3, 3, 3, 3, 3, 3, 3, 3, 3, 3, 3, 3, 3, 3, 3, 3, 3, 3, 3, 3, 3, 3, 3, 3, 3, 3, 3, 3, 3, 3, 3, 3, 3, 3, 3, 3, 3, 3, 3, 3, 3, 3, 3, 3, 3, 3, 3, 3, 3, 3, 3, 3, 3, 3, 3, 3, 3, 3, 3, 3, 3, 3, 3, 3, 3, 3, 3, 3, 3, 3, 3, 3, 3, 3, 3, 3, 3, 3, 3, 3, 3, 3, 3, 3, 3, 3, 3, 3, 3, 3, 3, 
3, 3, 3, 3, 3, 3, 3, 3, 3, 3, 3, 3, 3, 3, 3, 3, 3, 3, 3, 3, 3, 3, 3, 3, 3, 3, 3, 3, 3, 3, 3, 3, 3, 3, 3, 3, 3, 3, 3, 3, 3, 3, 3, 3, 3, 3, 3, 3, 3, 3, 3, 3, 3, 3, 3, 3, 3, 3, 3, 3, 3, 3, 3, 3, 3, 3, 3, 3, 3, 3, 3, 3, 3, 3, 3, 3, 3, 3, 3, 3, 3, 3, 3, 3, 3, 3, 3, 3, 3, 3, 3, 3, 3, 3, 3, 3, 3, 3, 3, 3, 3, 3, 3, 3, 3, 3, 3, 3, 3, 3, 3, 3, 3, 3, 3, 3, 3, 3, 3, 3, 3, 3, 3, 3, 3, 3, 3, 3, 3, 3, 3, 3, 3, 3, 3, 3, 3, 3, 3, 3, 3, 3, 3, 3, 3, 3, 3, 3, 3, 3, 3, 3, 3, 3, 3, 3, 3, 3, 3, 3, 3, 3, 3, 3, 3, 3, 3, 
3, 3, 3, 3, 3, 3, 3, 3, 3, 3, 3, 3, 3, 3, 3, 3, 3, 3, 3, 3, 3, 3, 3, 3, 3, 3, 3, 3, 3, 3, 3, 3, 3, 3, 3, 3, 3, 3, 3, 3, 3, 3, 3, 3, 3, 3, 3, 3, 3, 3, 3, 3, 3, 3, 3, 3, 3, 3, 3, 3, 3, 3, 3, 3, 3, 3, 3, 3, 3, 3, 3, 3, 3, 3, 3, 3, 3, 3, 3, 3, 3, 3, 3, 3, 3, 3, 3, 3, 3, 3, 3, 3, 3, 3, 3, 3, 3, 3, 3, 3, 3, 3, 3, 3, 3, 3, 3, 3, 3, 3, 3, 3, 3, 3, 3, 3, 3, 3, 3, 3, 3, 3, 3, 3, 3, 3, 3, 3, 3, 3, 3, 3, 3, 3, 3, 3, 3, 3, 3, 3, 3, 3, 3, 3, 3, 3, 3, 3, 3, 3, 3, 3, 3, 3, 3, 3, 3, 3, 3, 3, 3, 3, 3, 3, 3, 3, 3, 
3, 3, 3, 3, 3, 3, 3, 3, 3, 3, 3, 3, 3, 3, 3, 3, 3, 3, 3, 3, 3, 3, 3, 3, 3, 3, 3, 3, 3, 3, 3, 3, 3, 3, 3, 3, 3, 3, 3, 3, 3, 3, 3, 3, 3, 3, 3, 3, 3, 3, 3, 3, 3, 3, 3, 3, 3, 3, 3, 3, 3, 3, 3, 3, 3, 3, 3, 3, 3, 3, 3, 3, 3, 3, 3, 3, 3, 3, 3, 3, 3, 3, 3, 3, 3, 3, 3, 3, 3, 3, 3, 3, 3, 3, 3, 3, 3, 3, 3, 3, 3, 3, 3, 3, 3, 3, 3, 3, 3, 3, 3, 3, 3, 3, 3, 3, 3, 3, 3, 3, 3, 3, 3, 3, 3, 3, 3, 3, 3, 3, 3, 3, 3, 3, 3, 3, 3, 3, 3, 3, 3, 3, 3, 3, 3, 3, 3, 3, 3, 3, 3, 3, 3, 3, 3, 3, 3, 3, 3, 3, 3, 3, 3, 3, 3, 3, 3, 
3, 3, 3, 3, 3, 3, 3, 3, 3, 3, 3, 3, 3, 3, 3, 3, 3, 3, 3, 3, 3, 3, 3, 3, 3, 3, 3, 3, 3, 3, 3, 3, 3, 3, 3, 3, 3, 3, 3, 3, 3, 3, 3, 3, 3, 3, 3, 3, 3, 3, 3, 3, 3, 3, 3, 3, 3, 3, 3, 3, 3, 3, 3, 3, 3, 3, 3, 3, 3, 3, 3, 3, 3, 3, 3, 3, 3, 3, 3, 3, 3, 3, 3, 3, 3, 3, 3, 3, 3, 3, 3, 3, 3, 3, 3, 3, 3, 3, 3, 3, 3, 3, 3, 3, 3, 3, 3, 3, 3, 3, 3, 3, 3, 3, 3, 3, 3, 3, 3, 3, 3, 3, 3, 3, 3, 3, 3, 3, 3, 3, 3, 3, 3, 3, 3, 3, 3, 3, 3, 3, 3, 3, 3, 3, 3, 3, 3, 3, 3, 3, 3, 3, 3, 3, 3, 3, 3, 3, 3, 3, 3, 3, 3, 3, 3, 3, 3, 
3, 3, 3, 3, 3, 3, 3, 3, 3, 3, 3, 3, 3, 3, 3, 3, 3, 3, 3, 3, 3, 3, 3, 3, 3, 3, 3, 3, 3, 3, 3, 3, 3, 3, 3, 3, 3, 3, 3, 3, 3, 3, 3, 3, 3, 3, 3, 3, 3, 3, 3, 3, 3, 3, 3, 3, 3, 3, 3, 3, 3, 3, 3, 3, 3, 3, 3, 3, 3, 3, 3, 3, 3, 3, 3, 3, 3, 3, 3, 3, 3, 3, 3, 3, 3, 3, 3, 3, 3, 3, 3, 3, 3, 3, 3, 3, 3, 3, 3, 3, 3, 3, 3, 3, 3, 3, 3, 3, 3, 3, 3, 3, 3, 3, 3, 3, 3, 3, 3, 3, 3, 3, 3, 3, 3, 3, 3, 3, 3, 3, 3, 3, 3, 3, 3, 3, 3, 3, 3, 3, 3, 3, 3, 3, 3, 3, 3, 3, 3, 3, 3, 3, 3, 3, 3, 3, 3, 3, 3, 3, 3, 3, 3, 3, 3, 3, 3, 
3, 3, 3, 3, 3, 3, 3, 3, 3, 3, 3, 3, 3, 3, 3, 3, 3, 3, 3, 3, 3, 3, 3, 3, 3, 3, 3, 3, 3, 3, 3, 3, 3, 3, 3, 3, 3, 3, 3, 3, 3, 3, 3, 3, 3, 3, 3, 3, 3, 3, 3, 3, 3, 3, 3, 3, 3, 3, 3, 3, 3, 3, 3, 3, 3, 3, 3, 3, 3, 3, 3, 3, 3, 3, 3, 3, 3, 3, 3, 3, 3, 3, 3, 3, 3, 3, 3, 3, 3, 3, 3, 3, 3, 3, 3, 3, 3, 3, 3, 3, 3, 3, 3, 3, 3, 3, 3, 3, 3, 3, 3, 3, 3, 3, 3, 3, 3, 3, 3, 3, 3, 3, 3, 3, 3, 3, 3, 3, 3, 3, 3, 3, 3, 3, 3, 3, 3, 3, 3, 3, 3, 3, 3, 3, 3, 3, 3, 3, 3, 3, 3, 3, 3, 3, 3, 3, 3, 3, 3, 3, 3, 3, 3, 3, 3, 3, 3, 
3, 3, 3, 3, 3, 3, 3, 3, 3, 3, 3, 3, 3, 3, 3, 3, 3, 3, 3, 3, 3, 3, 3, 3, 3, 3, 3, 3, 3, 3, 3, 3, 3, 3, 3, 3, 3, 3, 3, 3, 3, 3, 3, 3, 3, 3, 3, 3, 3, 3, 3, 3, 3, 3, 3, 3, 3, 3, 3, 3, 3, 3, 3, 3, 3, 3, 3, 3, 3, 3, 3, 3, 3, 3, 3, 3, 3, 3, 3, 3, 3, 3, 3, 3, 3, 3, 3, 3, 3, 3, 3, 3, 3, 3, 3, 3, 3, 3, 3, 3, 3, 3, 3, 3, 3, 3, 3, 3, 3, 3, 3, 3, 3, 3, 3, 3, 3, 3, 3, 3, 3, 3, 3, 3, 3, 3, 3, 3, 3, 3, 3, 3, 3, 3, 3, 3, 3, 3, 3, 3, 3, 3, 3, 3, 3, 3, 3, 3, 3, 3, 3, 3, 3, 3, 3, 3, 3, 3, 3, 3, 3, 3, 3, 3, 3, 3, 3, 
3, 3, 3, 3, 3, 3, 3, 3, 3, 3, 3, 3, 3, 3, 3, 3, 3, 3, 3, 3, 3, 3, 3, 3, 3, 3, 3, 3, 3, 3, 3, 3, 3, 3, 3, 3, 3, 3, 3, 3, 3, 3, 3, 3, 3, 3, 3, 3, 3, 3, 3, 3, 3, 3, 3, 3, 3, 3, 3, 3, 3, 3, 3, 3, 3, 3, 3, 3, 3, 3, 3, 3, 3, 3, 3, 3, 3, 3, 3, 3, 3, 3, 3, 3, 3, 3, 3, 3, 3, 3, 3, 3, 3, 3, 3, 3, 3, 3, 3, 3, 3, 3, 3, 3, 3, 3, 3, 3, 3, 3, 3, 3, 3, 3, 3, 3, 3, 3, 3, 3, 3, 3, 3, 3, 3, 3, 3, 3, 3, 3, 3, 3, 3, 3, 3, 3, 3, 3, 3, 3, 3, 3, 3, 3, 3, 3, 3, 3, 3, 3, 3, 3, 3, 3, 3, 3, 3, 3, 3, 3, 3, 3, 3, 3, 3, 4, 4, 
4, 4, 4, 4, 4, 4, 4, 4, 4, 4, 4, 4, 4, 4, 4, 4, 4, 4, 4, 4, 4, 4, 4, 4, 4, 4, 4, 4, 4, 4, 4, 4, 4, 4, 4, 4, 4, 4, 4, 4, 4, 4, 4, 4, 4, 4, 4, 4, 4, 4, 4, 4, 4, 4, 4, 4, 4, 4, 4, 4, 4, 4, 4, 4, 4, 4, 4, 4, 4, 4, 4, 4, 4, 4, 4, 4, 4, 4, 4, 4, 4, 4, 4, 4, 4, 4, 4, 4, 4, 4, 4, 4, 4, 4, 4, 4, 4, 4, 4, 4, 4, 4, 4, 4, 4, 4, 4, 4, 4, 4, 4, 4, 4, 4, 4, 4, 4, 4, 4, 4, 4, 4, 4, 4, 4, 4, 4, 4, 4, 4, 4, 4, 4, 4, 4, 4, 4, 4, 4, 4, 4, 4, 4, 4, 4, 4, 4, 4, 4, 4, 4, 4, 4, 4, 4, 4, 4, 4, 4, 4, 4, 4, 4, 4, 4, 4, 4, 
4, 4, 4, 4, 4, 4, 4, 4, 4, 4, 4, 4, 4, 4, 4, 4, 4, 4, 4, 4, 4, 4, 4, 4, 4, 4, 4, 4, 4, 4, 4, 4, 4, 4, 4, 4, 4, 4, 4, 4, 4, 4, 4, 4, 4, 4, 4, 4, 4, 4, 4, 4, 4, 4, 4, 4, 4, 4, 4, 4, 4, 4, 4, 4, 4, 4, 4, 4, 4, 4, 4, 4, 4, 4, 4, 4, 4, 4, 4, 4, 4, 4, 4, 4, 4, 4, 4, 4, 4, 4, 4, 4, 4, 4, 4, 4, 4, 4, 4, 4, 4, 4, 4, 4, 4, 4, 4, 4, 4, 4, 4, 4, 4, 4, 4, 4, 4, 4, 4, 4, 4, 4, 4, 4, 4, 4, 4, 4, 4, 4, 4, 4, 4, 4, 4, 4, 4, 4, 4, 4, 4, 4, 4, 4, 4, 4, 4, 4, 4, 4, 4, 4, 4, 4, 4, 4, 4, 4, 4, 4, 4, 4, 4, 4, 4, 4, 4, 
4, 4, 4, 4, 4, 4, 4, 4, 4, 4, 4, 4, 4, 4, 4, 4, 4, 4, 4, 4)
"j",c(5, 7, 12, 23, 24, 25, 29, 31, 43, 52, 61, 67, 85, 88, 89, 90, 100, 105, 110, 127, 145, 153, 155, 158, 160, 163, 166, 170, 174, 180, 182, 184, 185, 208, 212, 226, 233, 240, 252, 259, 261, 274, 275, 279, 285, 293, 329, 331, 334, 337, 342, 344, 345, 355, 360, 361, 371, 372, 377, 378, 381, 393, 399, 403, 404, 405, 412, 414, 418, 421, 428, 429, 431, 434, 435, 447, 454, 456, 463, 479, 487, 493, 497, 504, 512, 517, 535, 542, 551, 559, 580, 582, 594, 600, 602, 607, 610, 621, 633, 637, 638, 639, 655, 659, 
662, 668, 677, 680, 700, 701, 705, 722, 734, 737, 746, 751, 752, 753, 755, 757, 763, 769, 773, 784, 786, 808, 810, 812, 813, 814, 817, 818, 822, 833, 835, 836, 864, 870, 875, 883, 885, 888, 896, 900, 943, 944, 947, 950, 968, 978, 991, 998, 1000, 1001, 1002, 1015, 1016, 1043, 1055, 1072, 1081, 1082, 1089, 1100, 1102, 1103, 1107, 1108, 1109, 1112, 1116, 1118, 1135, 1142, 1145, 1149, 1152, 1154, 1166, 1167, 1168, 1173, 1179, 1183, 1188, 1199, 1206, 1232, 1239, 1241, 1244, 1261, 1263, 1266, 1272, 1284, 
1288, 1309, 1322, 1328, 1336, 1357, 1365, 1368, 1370, 1371, 1381, 1383, 1386, 1394, 1397, 1398, 1402, 1412, 1415, 1416, 1438, 1454, 1460, 1473, 1478, 1490, 1493, 1508, 1521, 1523, 1525, 1527, 1530, 1535, 1537, 1543, 1552, 1557, 1560, 1561, 1563, 1566, 1568, 1573, 1577, 1578, 1587, 1618, 1628, 1633, 1642, 1666, 1676, 1684, 1689, 1693, 1702, 1715, 1723, 1737, 1741, 1754, 1758, 1768, 1780, 1784, 1786, 1788, 1789, 1790, 1797, 1801, 1803, 1804, 1806, 1815, 1817, 1818, 1822, 1823, 1829, 1830, 1832, 1833, 
1840, 1844, 1849, 1854, 1855, 1866, 1867, 1879, 1890, 1902, 1915, 1918, 1919, 1920, 1928, 1935, 1936, 1938, 1940, 1941, 1947, 1953, 1964, 1969, 1978, 1980, 1988, 1996, 1997, 1999, 7, 8, 9, 20, 25, 28, 53, 67, 71, 73, 74, 75, 77, 80, 110, 120, 122, 130, 134, 136, 138, 153, 154, 157, 160, 173, 184, 202, 203, 212, 217, 218, 224, 226, 234, 237, 240, 242, 252, 263, 272, 273, 278, 285, 288, 291, 293, 306, 307, 310, 312, 326, 355, 359, 365, 368, 373, 377, 378, 381, 393, 401, 405, 409, 429, 434, 435, 442, 
443, 446, 449, 454, 456, 472, 479, 483, 491, 495, 503, 512, 519, 530, 533, 535, 543, 548, 574, 577, 583, 594, 595, 628, 636, 640, 668, 677, 700, 701, 703, 722, 734, 736, 751, 756, 784, 786, 787, 797, 798, 807, 810, 811, 816, 817, 821, 822, 825, 828, 833, 834, 835, 836, 837, 851, 852, 863, 865, 885, 888, 900, 915, 919, 942, 947, 948, 951, 955, 958, 969, 990, 1001, 1012, 1015, 1016, 1020, 1025, 1033, 1042, 1043, 1050, 1057, 1060, 1077, 1079, 1081, 1089, 1102, 1107, 1108, 1112, 1144, 1145, 1150, 1166, 
1167, 1173, 1177, 1179, 1183, 1194, 1201, 1206, 1244, 1255, 1260, 1261, 1263, 1276, 1282, 1287, 1292, 1294, 1322, 1324, 1334, 1339, 1341, 1342, 1344, 1346, 1352, 1358, 1365, 1376, 1377, 1380, 1383, 1386, 1387, 1397, 1401, 1403, 1410, 1415, 1421, 1427, 1438, 1445, 1455, 1459, 1465, 1483, 1493, 1501, 1513, 1519, 1521, 1523, 1530, 1542, 1543, 1545, 1553, 1554, 1563, 1567, 1570, 1578, 1587, 1591, 1633, 1637, 1642, 1650, 1665, 1675, 1684, 1686, 1690, 1693, 1694, 1697, 1705, 1710, 1723, 1730, 1735, 1747, 
1748, 1754, 1759, 1767, 1771, 1783, 1784, 1789, 1792, 1799, 1803, 1806, 1812, 1814, 1818, 1822, 1833, 1838, 1840, 1844, 1855, 1862, 1866, 1867, 1876, 1879, 1881, 1890, 1912, 1915, 1920, 1924, 1929, 1930, 1936, 1937, 1938, 1946, 1948, 1951, 1964, 1969, 1980, 1984, 1996, 1997, 1, 2, 3, 4, 6, 7, 8, 10, 11, 12, 13, 14, 15, 16, 17, 18, 19, 21, 22, 24, 26, 27, 28, 29, 30, 32, 33, 34, 35, 36, 39, 40, 41, 42, 43, 44, 45, 46, 47, 48, 49, 52, 54, 55, 56, 57, 58, 59, 60, 61, 62, 63, 64, 65, 66, 67, 68, 69, 
70, 71, 72, 75, 76, 78, 79, 80, 81, 82, 83, 84, 86, 87, 88, 91, 92, 93, 94, 95, 96, 97, 98, 99, 100, 101, 102, 103, 104, 105, 106, 107, 108, 109, 110, 111, 112, 113, 114, 115, 116, 117, 118, 119, 121, 123, 124, 125, 126, 127, 128, 129, 130, 131, 132, 133, 134, 135, 136, 137, 138, 139, 140, 141, 142, 143, 144, 146, 150, 151, 152, 153, 154, 155, 156, 159, 160, 161, 162, 164, 165, 167, 168, 169, 170, 171, 172, 173, 174, 175, 176, 177, 178, 179, 180, 182, 183, 184, 186, 187, 188, 189, 191, 192, 193, 
194, 195, 196, 197, 198, 199, 200, 201, 202, 204, 205, 206, 207, 208, 209, 210, 211, 212, 213, 214, 215, 217, 218, 219, 220, 221, 222, 223, 225, 226, 227, 228, 229, 230, 231, 232, 233, 234, 235, 236, 237, 238, 239, 240, 241, 243, 244, 245, 246, 247, 248, 249, 250, 251, 252, 253, 254, 255, 256, 257, 258, 259, 260, 261, 262, 264, 265, 266, 267, 268, 269, 270, 271, 272, 273, 274, 275, 276, 277, 278, 279, 280, 281, 282, 283, 284, 285, 286, 287, 289, 290, 293, 294, 295, 296, 297, 298, 299, 300, 301, 302, 
303, 304, 305, 306, 308, 309, 311, 313, 314, 315, 316, 317, 319, 320, 321, 323, 324, 325, 329, 330, 332, 333, 334, 335, 336, 337, 338, 339, 340, 341, 343, 346, 347, 348, 349, 350, 351, 352, 353, 354, 355, 357, 358, 360, 362, 363, 364, 366, 367, 369, 370, 371, 374, 375, 376, 377, 378, 379, 380, 381, 382, 383, 384, 385, 386, 387, 388, 389, 390, 391, 392, 393, 394, 395, 397, 399, 400, 401, 402, 404, 405, 407, 408, 409, 410, 411, 413, 415, 416, 417, 418, 419, 420, 421, 422, 423, 424, 425, 426, 428, 429, 
430, 431, 432, 433, 434, 435, 436, 437, 438, 439, 440, 441, 442, 443, 444, 445, 448, 449, 450, 451, 454, 455, 456, 458, 459, 460, 461, 462, 463, 464, 465, 466, 468, 469, 470, 471, 472, 473, 474, 475, 476, 477, 478, 479, 480, 481, 483, 484, 486, 487, 488, 489, 490, 492, 494, 495, 496, 499, 500, 501, 502, 505, 506, 507, 508, 509, 510, 511, 512, 513, 514, 515, 517, 518, 520, 521, 522, 523, 524, 525, 526, 527, 528, 529, 530, 531, 532, 533, 534, 535, 536, 537, 539, 540, 541, 542, 543, 544, 545, 546, 547, 
548, 549, 550, 551, 552, 553, 554, 555, 556, 557, 558, 559, 560, 561, 562, 563, 564, 565, 567, 568, 569, 570, 571, 572, 573, 574, 575, 576, 577, 578, 579, 580, 581, 582, 584, 585, 586, 587, 588, 589, 590, 592, 593, 594, 595, 596, 597, 598, 599, 601, 602, 603, 604, 605, 606, 607, 608, 609, 611, 612, 613, 615, 616, 617, 618, 619, 620, 622, 623, 624, 625, 626, 627, 628, 629, 630, 631, 632, 634, 635, 636, 637, 638, 640, 641, 642, 643, 644, 645, 646, 647, 648, 649, 651, 652, 653, 654, 655, 656, 657, 658, 
660, 662, 663, 664, 666, 667, 668, 669, 671, 672, 674, 675, 676, 677, 678, 679, 681, 682, 683, 684, 685, 686, 687, 688, 689, 690, 691, 692, 693, 695, 696, 697, 698, 699, 700, 701, 702, 704, 705, 706, 707, 708, 709, 711, 712, 713, 714, 715, 716, 717, 719, 720, 721, 722, 723, 724, 725, 726, 727, 729, 730, 731, 732, 733, 734, 735, 736, 738, 739, 740, 741, 742, 743, 744, 745, 746, 747, 748, 749, 750, 751, 754, 756, 757, 758, 759, 760, 761, 762, 763, 764, 765, 766, 767, 768, 770, 771, 772, 773, 774, 776, 
777, 778, 779, 780, 781, 782, 783, 784, 785, 788, 789, 790, 791, 792, 793, 794, 795, 796, 797, 798, 799, 800, 801, 802, 803, 804, 805, 806, 808, 809, 810, 812, 814, 817, 819, 820, 821, 822, 824, 826, 827, 829, 830, 831, 832, 833, 835, 836, 838, 839, 840, 841, 842, 843, 844, 845, 846, 847, 848, 849, 850, 852, 853, 854, 855, 856, 857, 858, 859, 860, 861, 862, 863, 865, 866, 867, 868, 869, 870, 871, 873, 875, 876, 877, 878, 879, 880, 881, 882, 883, 886, 887, 888, 889, 890, 891, 892, 893, 894, 895, 896, 
897, 898, 899, 900, 902, 903, 904, 905, 906, 907, 908, 909, 910, 911, 912, 913, 914, 916, 917, 918, 919, 920, 921, 922, 923, 924, 925, 926, 927, 928, 929, 930, 931, 932, 933, 935, 936, 937, 938, 940, 941, 942, 943, 944, 945, 946, 947, 952, 953, 954, 957, 959, 960, 961, 962, 963, 964, 965, 966, 967, 968, 969, 970, 971, 972, 973, 974, 975, 976, 977, 978, 979, 980, 981, 982, 983, 984, 985, 986, 987, 988, 989, 992, 994, 995, 996, 997, 998, 999, 1001, 1003, 1004, 1005, 1006, 1007, 1008, 1009, 1011, 1012, 
1013, 1014, 1015, 1016, 1017, 1018, 1019, 1021, 1022, 1023, 1024, 1026, 1027, 1028, 1029, 1030, 1031, 1032, 1033, 1034, 1035, 1036, 1037, 1038, 1039, 1040, 1041, 1042, 1043, 1044, 1045, 1046, 1047, 1048, 1049, 1050, 1051, 1052, 1053, 1055, 1056, 1057, 1059, 1060, 1061, 1062, 1063, 1065, 1066, 1067, 1069, 1070, 1071, 1072, 1073, 1074, 1076, 1077, 1078, 1080, 1081, 1083, 1084, 1085, 1086, 1087, 1088, 1089, 1090, 1091, 1092, 1093, 1094, 1095, 1096, 1097, 1098, 1099, 1101, 1102, 1103, 1104, 1105, 1106, 
1107, 1108, 1109, 1110, 1111, 1112, 1114, 1117, 1119, 1120, 1121, 1122, 1123, 1124, 1125, 1127, 1128, 1129, 1130, 1131, 1132, 1133, 1134, 1135, 1136, 1137, 1138, 1139, 1140, 1141, 1142, 1144, 1145, 1146, 1147, 1148, 1149, 1150, 1151, 1152, 1153, 1154, 1155, 1156, 1157, 1158, 1159, 1160, 1161, 1162, 1163, 1164, 1165, 1166, 1167, 1168, 1170, 1171, 1172, 1173, 1174, 1175, 1176, 1177, 1178, 1179, 1180, 1181, 1182, 1183, 1184, 1186, 1187, 1189, 1190, 1191, 1192, 1193, 1195, 1196, 1197, 1198, 1199, 1200, 
1201, 1202, 1203, 1204, 1205, 1206, 1207, 1208, 1209, 1211, 1212, 1213, 1214, 1215, 1217, 1218, 1219, 1220, 1221, 1222, 1223, 1224, 1225, 1226, 1227, 1228, 1229, 1230, 1231, 1232, 1233, 1234, 1235, 1236, 1237, 1239, 1240, 1242, 1243, 1244, 1245, 1246, 1247, 1248, 1249, 1250, 1251, 1252, 1253, 1254, 1256, 1257, 1258, 1259, 1261, 1262, 1263, 1264, 1265, 1266, 1267, 1268, 1269, 1270, 1271, 1272, 1273, 1274, 1275, 1277, 1278, 1279, 1280, 1281, 1282, 1283, 1284, 1285, 1287, 1289, 1290, 1291, 1293, 1295, 
1296, 1297, 1298, 1299, 1300, 1301, 1303, 1304, 1305, 1306, 1307, 1308, 1309, 1312, 1313, 1314, 1315, 1316, 1317, 1318, 1319, 1320, 1321, 1322, 1323, 1325, 1326, 1327, 1328, 1329, 1330, 1331, 1332, 1333, 1334, 1337, 1338, 1340, 1342, 1343, 1345, 1347, 1348, 1349, 1350, 1351, 1353, 1354, 1355, 1356, 1357, 1358, 1359, 1360, 1361, 1363, 1364, 1365, 1366, 1367, 1368, 1369, 1371, 1372, 1373, 1374, 1375, 1377, 1378, 1379, 1382, 1383, 1384, 1385, 1386, 1388, 1389, 1390, 1391, 1392, 1393, 1395, 1396, 1397, 
1399, 1402, 1403, 1405, 1406, 1407, 1408, 1409, 1411, 1413, 1414, 1415, 1416, 1417, 1418, 1419, 1420, 1421, 1422, 1423, 1424, 1425, 1426, 1427, 1428, 1429, 1430, 1431, 1432, 1433, 1434, 1435, 1436, 1437, 1438, 1439, 1440, 1442, 1443, 1444, 1446, 1447, 1448, 1449, 1450, 1451, 1452, 1453, 1454, 1455, 1456, 1457, 1458, 1459, 1460, 1461, 1462, 1463, 1464, 1467, 1468, 1469, 1470, 1471, 1472, 1473, 1474, 1476, 1477, 1478, 1479, 1480, 1482, 1483, 1484, 1485, 1486, 1488, 1491, 1492, 1493, 1494, 1495, 1496, 
1497, 1498, 1499, 1500, 1501, 1502, 1503, 1504, 1505, 1506, 1507, 1509, 1510, 1511, 1512, 1513, 1514, 1515, 1516, 1517, 1518, 1519, 1520, 1521, 1523, 1524, 1525, 1526, 1527, 1528, 1529, 1530, 1531, 1533, 1534, 1536, 1537, 1538, 1539, 1540, 1541, 1542, 1543, 1544, 1546, 1547, 1548, 1549, 1550, 1551, 1552, 1554, 1555, 1556, 1558, 1559, 1562, 1563, 1564, 1565, 1566, 1567, 1568, 1569, 1571, 1572, 1573, 1574, 1575, 1576, 1577, 1578, 1579, 1580, 1581, 1582, 1583, 1584, 1585, 1586, 1587, 1588, 1589, 1590, 
1592, 1593, 1594, 1595, 1596, 1599, 1600, 1601, 1602, 1603, 1604, 1605, 1606, 1607, 1609, 1610, 1611, 1612, 1613, 1614, 1615, 1617, 1619, 1620, 1621, 1622, 1623, 1624, 1625, 1626, 1627, 1628, 1629, 1630, 1631, 1632, 1633, 1634, 1635, 1636, 1638, 1639, 1640, 1641, 1642, 1643, 1645, 1646, 1647, 1648, 1649, 1651, 1652, 1653, 1654, 1655, 1656, 1657, 1658, 1659, 1660, 1661, 1662, 1663, 1664, 1665, 1666, 1667, 1668, 1669, 1670, 1671, 1672, 1673, 1674, 1676, 1677, 1678, 1681, 1682, 1683, 1684, 1685, 1686, 
1687, 1689, 1690, 1691, 1692, 1695, 1698, 1699, 1700, 1701, 1703, 1704, 1705, 1706, 1707, 1708, 1709, 1710, 1711, 1712, 1713, 1714, 1716, 1717, 1718, 1719, 1720, 1721, 1723, 1724, 1725, 1726, 1727, 1728, 1729, 1730, 1731, 1732, 1733, 1734, 1735, 1736, 1738, 1739, 1740, 1741, 1742, 1743, 1744, 1745, 1746, 1748, 1749, 1750, 1751, 1752, 1753, 1754, 1755, 1756, 1757, 1759, 1760, 1761, 1762, 1763, 1764, 1765, 1766, 1767, 1768, 1769, 1770, 1771, 1772, 1773, 1774, 1775, 1776, 1777, 1778, 1779, 1780, 1781, 
1782, 1784, 1785, 1786, 1787, 1788, 1789, 1790, 1791, 1793, 1794, 1795, 1796, 1797, 1798, 1799, 1800, 1802, 1803, 1805, 1806, 1807, 1808, 1809, 1810, 1811, 1813, 1814, 1816, 1817, 1818, 1819, 1820, 1822, 1824, 1826, 1827, 1829, 1830, 1831, 1833, 1834, 1835, 1836, 1837, 1838, 1839, 1840, 1841, 1842, 1843, 1844, 1846, 1847, 1848, 1850, 1851, 1852, 1853, 1854, 1855, 1856, 1857, 1858, 1859, 1860, 1861, 1862, 1863, 1864, 1866, 1867, 1868, 1869, 1870, 1871, 1872, 1873, 1874, 1875, 1876, 1877, 1878, 1879, 
1880, 1881, 1882, 1883, 1884, 1885, 1886, 1887, 1888, 1889, 1890, 1891, 1892, 1893, 1894, 1895, 1896, 1897, 1898, 1899, 1900, 1901, 1902, 1903, 1904, 1905, 1906, 1907, 1908, 1909, 1910, 1911, 1913, 1914, 1915, 1917, 1918, 1919, 1920, 1921, 1922, 1923, 1925, 1926, 1927, 1928, 1929, 1930, 1931, 1932, 1933, 1935, 1936, 1937, 1938, 1939, 1940, 1942, 1943, 1944, 1945, 1947, 1948, 1949, 1950, 1951, 1953, 1954, 1955, 1956, 1958, 1959, 1960, 1961, 1962, 1963, 1964, 1965, 1966, 1967, 1968, 1969, 1970, 1971, 
1972, 1973, 1975, 1976, 1977, 1979, 1980, 1981, 1982, 1983, 1984, 1985, 1986, 1987, 1988, 1990, 1991, 1992, 1993, 1994, 1995, 1996, 1997, 1998, 7, 37, 38, 41, 46, 48, 50, 51, 75, 82, 107, 120, 130, 131, 132, 134, 147, 148, 149, 152, 153, 155, 168, 173, 181, 182, 190, 206, 212, 216, 217, 218, 226, 231, 240, 252, 263, 272, 273, 288, 292, 304, 305, 308, 309, 318, 321, 322, 323, 326, 327, 328, 329, 332, 341, 356, 366, 368, 370, 373, 376, 377, 393, 396, 398, 404, 405, 406, 418, 427, 428, 429, 431, 449, 
450, 451, 452, 453, 454, 457, 459, 466, 467, 471, 472, 477, 479, 482, 485, 486, 488, 495, 498, 516, 521, 528, 530, 531, 535, 537, 538, 548, 555, 560, 566, 568, 574, 591, 594, 595, 597, 598, 607, 613, 614, 635, 640, 641, 645, 650, 661, 662, 665, 668, 670, 673, 677, 685, 692, 694, 700, 701, 710, 718, 722, 728, 734, 738, 751, 756, 761, 763, 772, 775, 782, 783, 784, 797, 798, 810, 812, 815, 822, 823, 833, 836, 843, 858, 872, 874, 884, 888, 900, 901, 913, 919, 934, 937, 938, 939, 943, 947, 949, 955, 956, 
973, 985, 993, 1001, 1010, 1012, 1023, 1030, 1033, 1043, 1051, 1054, 1058, 1062, 1064, 1068, 1072, 1075, 1089, 1093, 1095, 1108, 1113, 1115, 1126, 1127, 1129, 1142, 1143, 1150, 1152, 1153, 1154, 1166, 1167, 1169, 1177, 1179, 1185, 1192, 1206, 1208, 1210, 1216, 1220, 1229, 1232, 1238, 1266, 1272, 1285, 1286, 1299, 1302, 1306, 1309, 1310, 1311, 1318, 1322, 1335, 1336, 1349, 1354, 1362, 1365, 1371, 1377, 1383, 1386, 1389, 1397, 1400, 1403, 1404, 1409, 1420, 1421, 1427, 1432, 1441, 1444, 1460, 1466, 
1475, 1481, 1483, 1487, 1489, 1504, 1513, 1522, 1523, 1528, 1530, 1532, 1537, 1540, 1548, 1563, 1568, 1577, 1578, 1587, 1597, 1598, 1603, 1606, 1608, 1616, 1620, 1622, 1625, 1639, 1640, 1644, 1653, 1655, 1657, 1678, 1679, 1680, 1683, 1684, 1687, 1688, 1691, 1693, 1696, 1699, 1710, 1721, 1722, 1723, 1741, 1754, 1769, 1779, 1780, 1789, 1797, 1806, 1818, 1821, 1822, 1825, 1828, 1833, 1835, 1837, 1844, 1845, 1855, 1865, 1866, 1867, 1878, 1879, 1881, 1890, 1915, 1916, 1919, 1925, 1928, 1934, 1936, 1938, 
1947, 1948, 1952, 1953, 1956, 1957, 1964, 1969, 1974, 1980, 1984, 1989, 1997)
"v",c(1, 10, 1, 1, 1, 1, 1, 1, 3, 1, 1, 2, 1, 2, 1, 1, 1, 1, 1, 1, 1, 2, 1, 1, 1, 1, 1, 1, 1, 1, 1, 1, 1, 5, 2, 3, 1, 3, 1, 1, 1, 1, 1, 2, 2, 2, 1, 1, 1, 1, 1, 1, 1, 5, 2, 1, 2, 1, 3, 1, 2, 5, 1, 1, 2, 1, 1, 1, 1, 2, 2, 1, 1, 1, 1, 1, 7, 1, 1, 2, 1, 1, 1, 1, 1, 2, 2, 1, 1, 1, 1, 1, 1, 2, 1, 1, 1, 1, 1, 2, 2, 1, 1, 1, 1, 3, 2, 1, 4, 4, 1, 2, 2, 1, 7, 6, 1, 1, 1, 1, 1, 1, 1, 2, 1, 1, 3, 2, 1, 1, 2, 1, 5, 1, 1, 3, 1, 2, 1, 1, 1, 1, 1, 2, 1, 1, 2, 1, 1, 1, 1, 1, 1, 10, 1, 3, 16, 4, 1, 1, 6, 1, 4, 1, 1, 1, 
1, 8, 1, 2, 1, 2, 2, 3, 1, 1, 1, 2, 16, 2, 1, 1, 1, 1, 1, 1, 2, 2, 1, 1, 1, 1, 1, 1, 1, 1, 1, 1, 2, 1, 1, 1, 2, 1, 1, 3, 1, 2, 2, 1, 4, 1, 1, 2, 2, 1, 1, 1, 1, 1, 1, 1, 2, 2, 1, 8, 1, 1, 8, 1, 1, 2, 2, 1, 1, 1, 1, 1, 2, 2, 2, 3, 2, 1, 1, 1, 1, 1, 1, 2, 2, 1, 2, 2, 2, 1, 1, 2, 1, 2, 1, 2, 1, 1, 1, 1, 3, 1, 1, 1, 3, 1, 1, 2, 2, 1, 1, 3, 1, 3, 1, 1, 1, 2, 1, 1, 6, 1, 7, 1, 4, 1, 1, 2, 1, 1, 4, 4, 2, 1, 2, 3, 15, 2, 1, 12, 1, 1, 1, 1, 7, 1, 1, 1, 1, 1, 1, 1, 2, 1, 1, 1, 1, 1, 1, 1, 1, 1, 1, 1, 1, 2, 
1, 1, 2, 1, 1, 1, 2, 1, 1, 1, 1, 2, 1, 1, 4, 1, 6, 1, 5, 7, 1, 1, 1, 1, 1, 1, 1, 1, 1, 2, 6, 1, 1, 1, 1, 2, 1, 3, 3, 1, 1, 1, 1, 1, 2, 1, 1, 1, 1, 5, 1, 1, 1, 2, 1, 1, 1, 2, 1, 1, 1, 1, 1, 2, 1, 1, 1, 2, 1, 1, 1, 2, 3, 1, 1, 2, 1, 1, 1, 2, 2, 1, 1, 1, 1, 1, 1, 1, 4, 1, 1, 2, 1, 5, 1, 1, 1, 1, 1, 3, 1, 1, 1, 1, 2, 1, 1, 1, 1, 3, 2, 3, 1, 1, 1, 1, 1, 1, 2, 1, 22, 2, 1, 1, 1, 3, 7, 1, 1, 1, 2, 1, 8, 5, 1, 1, 2, 2, 1, 1, 1, 14, 2, 2, 1, 1, 1, 1, 1, 2, 1, 1, 1, 2, 2, 1, 1, 1, 1, 1, 2, 1, 1, 1, 1, 1, 1, 
1, 1, 3, 1, 1, 3, 1, 2, 2, 1, 6, 2, 1, 1, 1, 1, 1, 1, 1, 3, 1, 1, 1, 1, 1, 2, 2, 2, 5, 3, 1, 2, 1, 1, 1, 1, 1, 1, 2, 2, 1, 4, 1, 1, 1, 1, 1, 1, 1, 1, 1, 1, 1, 1, 3, 2, 2, 1, 1, 1, 1, 1, 1, 1, 1, 4, 1, 1, 1, 4, 6, 1, 1, 1, 1, 3, 1, 1, 3, 1, 3, 2, 4, 2, 3, 1, 2, 1, 6, 1, 1, 1, 1, 2, 2, 2, 2, 1, 1, 6, 14, 1, 1, 1, 2, 1, 1, 1, 1, 6, 23, 4, 1, 1, 2, 1, 3, 1, 1, 1, 2, 1, 5, 1, 1, 1, 3, 4, 10, 2, 5, 1, 1, 1, 1, 3, 1, 6, 53, 10, 1, 1, 56, 1, 15, 1, 4, 1, 2, 1, 2, 2, 1, 2, 2, 1, 14, 1, 2, 1, 9, 2, 1, 2, 3, 
4, 3, 2, 7, 8, 54, 1, 25, 1, 3, 1, 1, 8, 9, 3, 1, 2, 2, 12, 1, 2, 2, 1, 1, 1, 2, 1, 3, 1, 1, 1, 1, 1, 1, 2, 1, 2, 4, 2, 1, 1, 1, 1, 2, 2, 2, 1, 2, 2, 1, 9, 2, 4, 4, 4, 1, 4, 1, 3, 1, 1, 2, 2, 2, 1, 3, 1, 2, 1, 9, 4, 1, 5, 1, 14, 1, 1, 2, 1, 1, 7, 3, 1, 1, 1, 6, 6, 1, 1, 2, 1, 1, 6, 10, 1, 1, 1, 1, 1, 1, 2, 1, 8, 1, 2, 1, 2, 18, 1, 1, 4, 1, 2, 1, 2, 5, 22, 1, 1, 1, 8, 1, 1, 1, 22, 12, 3, 1, 2, 1, 1, 2, 12, 1, 3, 1, 1, 4, 1, 1, 21, 1, 1, 9, 1, 1, 34, 1, 1, 1, 1, 1, 1, 7, 1, 1, 2, 24, 1, 4, 2, 1, 1, 
1, 7, 1, 2, 1, 1, 1, 1, 3, 1, 1, 2, 1, 7, 1, 1, 1, 1, 1, 3, 1, 2, 1, 1, 1, 1, 1, 1, 1, 1, 1, 5, 1, 1, 1, 4, 2, 1, 2, 1, 1, 2, 1, 3, 2, 9, 1, 2, 1, 1, 1, 1, 1, 2, 1, 1, 1, 12, 1, 18, 1, 4, 1, 1, 1, 1, 4, 1, 1, 1, 2, 1, 1, 1, 1, 2, 2, 1, 14, 1, 1, 21, 1, 1, 1, 1, 1, 1, 3, 1, 1, 2, 9, 1, 4, 1, 6, 5, 3, 1, 15, 1, 1, 1, 1, 2, 1, 2, 1, 1, 1, 3, 54, 1, 1, 3, 1, 1, 1, 1, 10, 3, 1, 1, 1, 9, 3, 1, 1, 1, 1, 7, 1, 1, 1, 1, 1, 2, 1, 2, 2, 8, 1, 7, 1, 1, 14, 12, 1, 1, 4, 1, 1, 2, 1, 3, 1, 1, 1, 3, 2, 10, 25, 1, 
4, 1, 1, 3, 1, 1, 8, 1, 2, 3, 1, 2, 1, 1, 8, 1, 6, 4, 1, 3, 1, 14, 1, 1, 1, 1, 9, 5, 5, 1, 1, 1, 1, 3, 1, 1, 1, 3, 2, 1, 1, 1, 2, 1, 1, 1, 2, 4, 2, 6, 2, 1, 1, 27, 2, 1, 1, 1, 16, 1, 5, 1, 1, 27, 1, 1, 1, 10, 1, 2, 2, 1, 5, 3, 4, 3, 1, 1, 1, 20, 1, 5, 4, 2, 1, 1, 1, 1, 1, 1, 2, 10, 9, 2, 3, 1, 2, 1, 1, 1, 1, 2, 1, 3, 4, 12, 2, 2, 1, 1, 3, 1, 2, 1, 2, 14, 1, 1, 1, 1, 1, 1, 12, 8, 1, 27, 7, 2, 1, 2, 1, 11, 1, 3, 1, 1, 1, 2, 2, 6, 1, 1, 1, 1, 1, 1, 2, 1, 1, 1, 1, 1, 2, 1, 2, 2, 1, 1, 2, 6, 1, 8, 19, 
4, 1, 1, 1, 3, 1, 1, 1, 1, 1, 1, 1, 1, 4, 1, 3, 1, 3, 3, 3, 1, 1, 1, 13, 1, 1, 1, 1, 1, 1, 19, 1, 1, 1, 1, 1, 2, 1, 1, 1, 1, 1, 1, 1, 1, 1, 1, 1, 1, 1, 1, 66, 10, 1, 1, 3, 1, 2, 6, 1, 1, 2, 1, 1, 2, 1, 1, 1, 1, 5, 6, 1, 1, 1, 1, 5, 4, 1, 1, 5, 1, 23, 1, 1, 6, 2, 1, 1, 1, 1, 5, 2, 64, 1, 1, 1, 1, 9, 1, 6, 3, 1, 1, 1, 1, 1, 11, 1, 1, 1, 1, 1, 1, 1, 1, 1, 1, 1, 1, 1, 1, 1, 2, 1, 2, 19, 1, 2, 1, 1, 1, 2, 1, 2, 1, 1, 17, 18, 1, 1, 1, 2, 2, 1, 1, 2, 4, 1, 7, 10, 5, 24, 1, 1, 3, 43, 8, 1, 1, 1, 1, 1, 1, 
12, 2, 69, 1, 1, 1, 1, 1, 3, 1, 1, 1, 1, 1, 1, 1, 1, 1, 10, 1, 1, 1, 20, 1, 1, 3, 2, 1, 14, 1, 2, 2, 1, 18, 1, 2, 1, 1, 1, 1, 1, 1, 1, 2, 2, 1, 1, 3, 1, 1, 1, 3, 6, 1, 2, 5, 1, 1, 1, 11, 1, 1, 1, 1, 1, 2, 1, 1, 4, 1, 1, 8, 5, 1, 5, 1, 38, 1, 1, 1, 1, 1, 3, 1, 1, 1, 1, 1, 1, 1, 1, 1, 1, 4, 4, 1, 1, 10, 3, 1, 2, 1, 37, 1, 1, 1, 1, 1, 1, 1, 1, 1, 1, 1, 1, 1, 2, 1, 1, 1, 1, 1, 3, 1, 1, 1, 33, 1, 1, 1, 2, 1, 1, 15, 2, 1, 1, 1, 1, 1, 2, 1, 2, 1, 1, 20, 1, 1, 1, 1, 1, 1, 1, 1, 1, 1, 1, 94, 165, 1, 2, 2, 
1, 2, 1, 1, 1, 1, 1, 29, 1, 4, 18, 4, 1, 3, 1, 3, 1, 1, 1, 1, 22, 316, 1, 1, 1, 1, 1, 1, 3, 4, 1, 1, 5, 2, 18, 1, 3, 1, 2, 2, 1, 3, 3, 1, 6, 1, 3, 1, 1, 1, 8, 2, 1, 18, 2, 1, 1, 1, 6, 1, 32, 1, 1, 1, 14, 1, 20, 1, 1, 1, 1, 1, 2, 1, 1, 1, 1, 15, 63, 17, 1, 2, 1, 1, 1, 1, 5, 1, 1, 1, 1, 1, 6, 1, 15, 1, 1, 1, 1, 1, 5, 4, 10, 2, 1, 1, 1, 6, 3, 3, 1, 1, 2, 1, 1, 1, 2, 21, 53, 1, 2, 1, 1, 1, 2, 2, 1, 2, 1, 1, 28, 54, 2, 2, 4, 18, 9, 1, 1, 2, 5, 1, 14, 1, 1, 2, 4, 2, 2, 1, 2, 4, 1, 1, 7, 1, 1, 2, 1, 2, 
3, 1, 1, 5, 1, 2, 9, 7, 11, 1, 3, 2, 1, 1, 1, 1, 7, 1, 3, 1, 1, 1, 1, 1, 1, 1, 1, 8, 1, 2, 27, 1, 4, 1, 1, 1, 3, 2, 1, 1, 55, 1, 1, 2, 1, 1, 1, 1, 1, 1, 1, 2, 1, 1, 2, 5, 1, 10, 1, 1, 14, 1, 1, 1, 1, 1, 79, 1, 1, 1, 1, 2, 1, 1, 1, 1, 3, 1, 7, 7, 1, 3, 1, 1, 1, 1, 1, 1, 35, 4, 1, 1, 5, 1, 12, 2, 1, 2, 3, 1, 1, 1, 2, 1, 30, 1, 1, 3, 6, 1, 1, 3, 1, 1, 2, 1, 4, 1, 1, 10, 11, 2, 1, 5, 1, 1, 7, 1, 2, 1, 1, 1, 4, 1, 1, 3, 36, 1, 1, 2, 1, 4, 8, 1, 2, 1, 1, 15, 2, 3, 1, 1, 14, 1, 1, 1, 21, 1, 1, 35, 1, 12, 
2, 1, 1, 2, 1, 2, 43, 1, 6, 9, 1, 7, 1, 1, 3, 8, 2, 1, 10, 1, 1, 2, 1, 37, 16, 1, 1, 1, 1, 1, 5, 3, 1, 1, 1, 1, 2, 7, 1, 1, 1, 5, 1, 2, 1, 1, 1, 3, 1, 1, 1, 2, 1, 1, 1, 1, 5, 2, 1, 1, 11, 4, 17, 1, 1, 3, 2, 1, 1, 4, 1, 1, 3, 1, 1, 1, 4, 2, 1, 1, 10, 10, 1, 1, 1, 3, 1, 3, 1, 1, 1, 1, 1, 1, 9, 7, 2, 1, 2, 2, 2, 1, 6, 1, 1, 1, 4, 1, 1, 1, 1, 1, 5, 1, 9, 53, 1, 1, 23, 5, 1, 3, 74, 1, 1, 1, 1, 3, 1, 1, 3, 1, 2, 15, 1, 1, 1, 3, 1, 1, 1, 4, 1, 2, 1, 1, 6, 3, 1, 2, 1, 2, 8, 16, 1, 1, 1, 6, 1, 1, 2, 16, 26, 
1, 1, 1, 1, 1, 1, 1, 3, 32, 2, 1, 1, 2, 1, 1, 1, 7, 2, 1, 1, 1, 5, 1, 1, 8, 1, 3, 1, 2, 1, 1, 1, 1, 1, 1, 1, 2, 3, 1, 2, 2, 4, 1, 3, 1, 1, 1, 1, 5, 1, 2, 1, 1, 3, 2, 3, 1, 1, 1, 1, 2, 3, 1, 3, 1, 2, 1, 21, 1, 1, 1, 1, 1, 1, 1, 1, 1, 4, 3, 2, 1, 1, 3, 1, 1, 2, 1, 5, 1, 7, 1, 1, 40, 14, 1, 1, 4, 1, 5, 6, 1, 2, 2, 3, 1, 1, 1, 2, 1, 1, 1, 1, 1, 8, 1, 2, 1, 1, 1, 1, 1, 1, 1, 1, 58, 1, 1, 1, 1, 1, 2, 1, 1, 3, 1, 2, 2, 1, 1, 1, 1, 5, 2, 1, 1, 1, 1, 3, 2, 1, 2, 1, 1, 11, 2, 1, 1, 3, 1, 1, 1, 1, 2, 5, 1, 
6, 24, 11, 1, 66, 1, 1, 1, 1, 1, 1, 2, 7, 1, 1, 1, 1, 2, 2, 1, 1, 8, 1, 2, 2, 1, 2, 1, 14, 1, 1, 6, 2, 2, 1, 68, 1, 1, 1, 1, 3, 1, 4, 1, 2, 25, 1, 1, 20, 1, 2, 1, 4, 18, 1, 35, 1, 9, 1, 1, 4, 1, 7, 1, 1, 1, 16, 1, 1, 1, 1, 2, 3, 1, 6, 4, 2, 1, 4, 2, 2, 1, 3, 1, 1, 10, 17, 1, 1, 1, 1, 1, 1, 1, 1, 7, 1, 1, 8, 1, 21, 1, 1, 1, 1, 4, 1, 1, 1, 112, 1, 1, 2, 1, 1, 2, 1, 1, 1, 1, 1, 1, 1, 1, 2, 1, 1, 1, 1, 1, 2, 1, 1, 31, 1, 1, 5, 9, 1, 1, 1, 11, 1, 2, 5, 1, 1, 1, 1, 1, 5, 6, 1, 39, 2, 6, 1, 4, 1, 1, 10, 
36, 1, 1, 1, 17, 4, 1, 1, 1, 1, 1, 1, 1, 2, 129, 2, 1, 1, 1, 59, 1, 3, 1, 1, 1, 1, 1, 1, 38, 1, 1, 1, 2, 1, 1, 1, 6, 1, 1, 4, 1, 1, 2, 3, 8, 1, 2, 1, 1, 1, 1, 2, 1, 1, 2, 5, 1, 2, 3, 1, 1, 1, 3, 1, 1, 2, 2, 1, 1, 2, 1, 1, 1, 1, 2, 1, 1, 1, 3, 1, 1, 6, 1, 1, 2, 1, 1, 2, 1, 1, 1, 1, 4, 1, 5, 3, 1, 1, 3, 2, 1, 2, 1, 1, 1, 1, 1, 1, 7, 1, 1, 1, 4, 1, 2, 1, 1, 1, 1, 2, 1, 2, 1, 1, 3, 1, 1, 1, 1, 1, 1, 2, 2, 1, 1, 1, 1, 1, 1, 1, 1, 1, 1, 4, 1, 1, 1, 1, 1, 1, 1, 2, 1, 1, 1, 2, 6, 2, 1, 2, 2, 2, 3, 1, 1, 
1, 1, 2, 1, 3, 1, 1, 1, 3, 1, 1, 2, 1, 1, 1, 2, 1, 4, 1, 2, 2, 1, 1, 1, 1, 2, 2, 2, 4, 1, 3, 1, 1, 9, 1, 1, 7, 1, 6, 1, 1, 1, 1, 1, 1, 1, 2, 1, 5, 2, 1, 1, 1, 1, 1, 1, 1, 1, 1, 2, 1, 1, 1, 2, 1, 4, 4, 1, 1, 1, 1, 1, 1, 1, 6, 1, 3, 22, 1, 1, 1, 2, 2, 1, 1, 1, 2, 1, 4, 4, 1, 1, 2, 3, 1, 2, 1, 3, 1, 1, 1, 3, 5, 1, 3, 1, 1, 1, 6, 1, 1, 2, 1, 1, 4, 2, 1, 1, 3, 1, 1, 3, 2, 2, 2, 2, 1, 7, 1, 1, 1, 2, 1, 1, 1, 1, 1, 1, 2, 1, 2, 1, 2, 1, 2, 2, 1, 1, 7, 1, 6, 1, 1, 1, 1, 1, 5, 3, 1, 3, 1, 1, 2, 1, 1, 1, 1, 
1, 2, 1, 1, 2, 1, 1, 1, 2, 1, 1, 3, 1, 1, 1, 2, 1, 1, 11, 4, 1, 1, 3, 3, 2, 1, 4, 1, 4, 1, 1, 1, 1, 2, 1, 1, 3, 1, 1, 4, 1, 1, 8, 2, 3, 3, 1, 1, 1, 7, 1, 1, 2, 1, 1, 2, 2, 1, 1, 1, 1, 1, 1, 8, 11, 1, 3, 1, 1, 3)
"nrow",4
"ncol",1999
"dimnames",list(Docs = c("character(0)", "character(0)", "character(0)", "character(0)"), Terms = c("¡¡¡¡¡imperd", "¡hermos", "abandon", "abiert", "abre", "abrig", "abril", "absolut", "acamp", "acas", "acced", "acces", "accident", "acerc", "acercart", "aclimat", "acogedor", "acompañ", "aconsej", "acord", "activ", "actos", "actu", "actual", "acuerd", "acumul", "adapt", "adem", "ademas", "adentr", "administradoel", "admir", "admirass", "adopt", "adorm", "adquir", "adult", "aeropuert", "afect", "afectu", "agenci", 
"agost", "agrad", "agradablenaveg", "agradec", "agu", "aguael", "ahi", "ahor", "aim", "aimaram", "air", "alac", "alamed", "alberg", "albergaun", "alcanc", "alcanz", "aleatori", "alegr", "alej", "algo", "algun", "algunasmas", "alient", "alla", "alli", "almas", "almen", "almorz", "almuerz", "aloj", "alpac", "alquil", "alrededor", "alt", "alta", "altiplan", "altitud", "alto", "altoel", "altur", "alturasv", "alucin", "alucinant", "alucinantenaveg", "amabil", "amabl", "amablest", "amafortun", "amanec", 
"amanecer", "amanecerel", "amant", "amantan", "amantani", "amantanil", "amas", "ambas", "ambient", "ambos", "amel", "amen", "americatien", "amig", "ampli", "amplitud", "amsble", "ancestr", "ancestral", "ancestralesmas", "ancho", "andar", "andes", "andin", "animal", "anochec", "anonad", "anterior", "antigu", "antoni", "anual", "año", "años", "apac", "aparec", "apart", "apen", "apoy", "apreci", "aprend", "aprovech", "aprox", "aproxim", "apun", "aqu", "aquell", "aqui", "aquiet", "archipielag", "ardu", 
"are", "arequip", "argentinosel", "armad", "armas", "arqueolog", "arqueologicaimpresion", "arquitectur", "arrebat", "arrepent", "arrib", "artesan", "artesanal", "artesani", "artificial", "ascens", "ase", "asegur", "asi", "asì", "asimil", "asist", "asombr", "asombrosoel", "aspect", "asust", "atardec", "atardecer", "atencion", "atmosfer", "atra", "atraccion", "atract", "atrap", "atras", "atraves", "atravies", "aument", "aun", "aùn", "aunqu", "aut", "autent", "autenticidadsi", "autocton", "autodenomin", 
"autoridadesmas", "avanz", "avanzandomas", "aventur", "aver", "aves", "avion", "avist", "aymar", "ayud", "azul", "azulpas", "azulun", "bah", "bahi", "bail", "baj", "bantant", "bañ", "barat", "barc", "barquit", "barwc", "bast", "bastant", "basur", "beautiful", "beautifulmis", "beb", "bell", "bellez", "bellisim", "bellisimolag", "belloel", "bellotien", "bendicion", "benefici", "benz", "bien", "binacional", "biodivers", "blanc", "bloqeador", "bloqueador", "boc", "bolet", "bolivi", "boliviaesp", "boliviamas", 
"bolivian", "boliviasegun", "bolsill", "bonit", "bonitaslag", "bonitoexcelent", "bonitohay", "bonitomas", "bonitopart", "boquiabiert", "bord", "bot", "brill", "brind", "bris", "buen", "bufand", "bus", "busc", "cabal", "cabañ", "cabez", "cad", "caden", "cal", "calent", "calid", "calidad", "calidez", "calient", "calm", "calmadoconoc", "calvari", "cam", "camarot", "camin", "caminat", "camion", "can", "cancel", "candelariaer", "cans", "cant", "cantid", "cañasmas", "cañon", "cap", "capital", "car", "caracterist", 
"caracteristicasel", "caracteriz", "caramel", "carg", "carnaval", "carr", "cas", "casac", "casasv", "caset", "casi", "cason", "cast", "catam", "caus", "cautiv", "cay", "cementeri", "centr", "central", "centralmas", "cerc", "cercan", "cerez", "cerquisim", "cerr", "chalec", "chaperon", "chic", "chiquit", "chivay", "chof", "chucuit", "chul", "chullp", "chullpasfu", "chulp", "ciel", "ciert", "cim", "cinc", "circular", "ciud", "ciudad", "ciudadan", "civiliz", "civilizacion", "clar", "clas", "clasic", 
"clim", "climatolog", "cob", "cobr", "coc", "coex", "cog", "coinc", "coincid", "cojeis", "colabor", "colc", "colegi", "colin", "colla", "color", "coloresun", "colos", "com", "combin", "comedi", "comedor", "coment", "comercial", "comercialcre", "comercializ", "comidan", "comienc", "comienz", "comod", "comodorecom", "comomas", "compañ", "compar", "compart", "complac", "complej", "complement", "complet", "complic", "compr", "comprend", "comprob", "comum", "comun", "comunal", "comunic", "concentr", "concienci", 
"condicion", "confianz", "conform", "conjetur", "conjunt", "conmas", "conmovedor", "conoc", "conocerl", "conocermas", "conocern", "conoci", "consegu", "conserv", "conservanmas", "consider", "consig", "constant", "constru", "construccion", "construccionesmas", "construid", "cont", "contact", "contamin", "contempl", "content", "contien", "continent", "continu", "contr", "contrast", "contrat", "control", "convenc", "convert", "convien", "conviert", "copacaban", "corazon", "cordial", "corr", "cort", 
"cos", "cosech", "cost", "costaner", "costeu", "costumbr", "cre", "creenci", "criatur", "cristalin", "cristalinasherm", "cruz", "cuadr", "cual", "cualqui", "cuan", "cuant", "cuarent", "cuart", "cuasi", "cuent", "cuest", "cuid", "culp", "cult", "cultur", "culturahic", "cultural", "cumbr", "cuot", "curi", "curios", "curricular", "curv", "cusc", "cuy", "dad", "dan", "dar", "daran", "dars", "dat", "day", "deb", "deberi", "dec", "decepcion", "decision", "definit", "degrad", "dej", "dejadez", "deleit", 
"deleitart", "delici", "delmas", "demand", "demas", "demasi", "dentr", "depar", "depend", "des", "desaguader", "desanim", "desapercib", "descans", "descens", "descoloc", "desconozc", "describ", "descu", "descubr", "descuent", "desfil", "desilusion", "despaci", "desped", "despeg", "despej", "despid", "despreocup", "desproporcion", "despu", "despues", "destac", "destin", "desv", "detall", "determin", "detras", "dev", "dia", "dìa", "diabeautiful", "dial", "diari", "dias", "diatom", "dic", "dicemas", 
"dich", "diciembr", "didact", "dieron", "diez", "diferent", "diferentesfoment", "dificult", "dificultad", "dign", "dijeron", "dimension", "diner", "dio", "dios", "direct", "discotecascom", "disferent", "disfrut", "distanci", "distint", "divers", "divert", "divid", "documental", "dolor", "domin", "dond", "dor", "dorm", "dos", "dud", "dulc", "dur", "duracion", "durm", "ecnuentr", "ecolog", "econom", "efect", "ejempl", "eleg", "eligiri", "ello", "elmas", "embarc", "embarcader", "embarg", "emblemat", 
"emblematicopun", "emocion", "empeñ", "empez", "empin", "empres", "enamor", "encant", "encantadorel", "encantolueg", "encantonaveg", "encierr", "encim", "enclav", "encont", "encontr", "encuentr", "endeñ", "ener", "energ", "energet", "enfoc", "engan", "enmas", "ennsu", "enorm", "enriquec", "enriquecedor", "enseñ", "ensueñ", "ensueñoel", "entend", "enter", "entiend", "entorn", "entrad", "entrar", "entreg", "entreten", "entusiasm", "envidi", "envolv", "envuelv", "epoc", "equilibri", "eranmas", "escalinat", 
"escen", "escenari", "escog", "escond", "escuch", "escuel", "escuelallen", "esenci", "esencialval", "esfuerz", "esmas", "especi", "especial", "especiall", "espectacul", "espectacular", "espectacularel", "espectacularmuch", "espectativasn", "espej", "espes", "espiritu", "esplendidoel", "essoport", "esta", "estab", "estad", "estadi", "estasiempr", "estil", "estraordinari", "estrell", "estren", "estub", "estudi", "estupend", "etc", "etni", "etnic", "etructur", "evapor", "evit", "excelent", "excelentebell", 
"excelentecom", "excelentefu", "excelentelag", "excelentetant", "excepcionaln", "excepcionals", "excit", "excursion", "excursiòn", "excursionmas", "excursionval", "exist", "existent", "exotic", "expect", "expedition", "expeditionagradec", "experienci", "experiênci", "experienciadesd", "experienciaest", "experienciafu", "experiencial", "experienciamas", "experienciamuy", "experiencianaveg", "experiencianunc", "experienciaten", "experienciatien", "experienciaun", "experient", "explic", "explicanmas", 
"explicart", "explor", "explot", "expresion", "extens", "extension", "extraccion", "extranjer", "extrañ", "extraordinari", "extraordinarionaveg", "extraordinariop", "extrem", "fabric", "fabul", "facil", "facin", "factor", "falt", "famili", "familiarel", "family", "famos", "fantas", "fantast", "fard", "fascin", "fascinantesencill", "fascinanteviaj", "faun", "favor", "febrer", "ferri", "fiest", "figur", "fin", "final", "finaliz", "finn", "firm", "fisic", "flor", "flot", "flotant", "flotantes", "flotantesv", 
"flu", "for", "form", "formacion", "formamas", "fortun", "forz", "fot", "fotograf", "frances", "francisc", "fren", "frent", "frescur", "fri", "fronter", "frustracion", "frutill", "fuemas", "fuent", "fuerz", "fugac", "fui", "full", "funcion", "fundador", "funerari", "gaf", "gan", "gast", "gastronom", "genci", "gener", "general", "genial", "gent", "gentilez", "genuin", "genuinaexcelent", "geograf", "gigantepens", "gingantescopor", "global", "gobiern", "good", "gorr", "grab", "graci", "gran", "grand", 
"grandasoel", "grandefu", "grandemas", "grandez", "grandios", "grat", "gratif", "gris", "grographic", "grup", "guant", "gui", "guion", "gust", "gustol", "hab", "habi", "habil", "habit", "habitacionesas", "habitantestaquil", "habitat", "habl", "hac", "hacermas", "haci", "had", "hag", "hal", "har", "hastamas", "haymas", "haz", "heavy", "hech", "hel", "herm", "hermos", "hermosafu", "hermosisim", "hermosisimonaveg", "hermosisimoresult", "hermosoalmorz", "hermosodesd", "hermosoel", "hermosoest", "hermosoherm", 
"hermosoimpresion", "hermosom", "hermoson", "hermososmas", "hermosotod", "hermosotom", "hermosoun", "hermosur", "hic", "hidrat", "hidric", "histor", "histori", "historiaest", "historiastiticac", "hiz", "hoj", "hombr", "honest", "hor", "horizont", "hosped", "hospedaj", "hospit", "hotel", "hoy", "hras", "hrs", "huec", "human", "humed", "humild", "hur", "iba", "ibam", "icon", "ida", "ide", "ideal", "idiom", "idlas", "iglesi", "igual", "illimani", "ilsas", "imag", "imagen", "imagin", "imaginart", "immens", 
"impact", "impag", "impec", "imped", "imperd", "imperdibl", "imperdible¡", "imperdiblelug", "imperdiblesi", "imperdiblev", "imperdibleviaj", "imperdiblevisit", "imperialel", "impid", "imponent", "imponentenaveg", "imponenterecom", "import", "impos", "imprecind", "impreionant", "imprescind", "imprescindibleel", "impresion", "impresionanatesmas", "impresionant", "impresionante", "impresionantebellisim", "impresionantecu", "impresionanteel", "impresionantehic", "impresionanten", "impresionantenunc", 
"impresionantepas", "impresionantepase", "impresionantereal", "impresionantesi", "impresionanteviaj", "impresionantevisit", "impresionateselmas", "impreson", "inca", "incas", "incasel", "incasexhuber", "incasperfect", "inclu", "inclus", "incomod", "incompar", "incomparableun", "increibl", "increiblel", "increiblelug", "increiblenuestr", "increibles", "increiblesus", "increibleun", "increibleviaj", "indescript", "indic", "indiferent", "indigen", "indispens", "indispensableel", "industri", "inelud", 
"inesper", "inevit", "inexplic", "infinit", "influenci", "inform", "infraestructur", "infusion", "ingeni", "ingles", "ingres", "inici", "inka", "inmagin", "inmenc", "inmens", "inmensidadel", "inmensidadnunc", "inmenso", "inmensoel", "inmperi", "innov", "inolvid", "inolvidabl", "inolvidablefui", "inolvidablel", "inolvidableun", "inovidableun", "insistent", "insolitodespues", "inspirart", "instal", "intact", "intens", "intent", "intercambi", "intercultural", "interers", "interes", "interesant", "interesanteal", 
"interesanteel", "interesantemerec", "interior", "intermin", "intern", "intrig", "introspeccion", "invert", "invit", "iroslueg", "irse", "isla", "islas", "islasgr", "islasmas", "islasun", "islit", "jam", "jamas", "jef", "jen", "jerarqui", "jorn", "jos", "jueg", "juli", "juliac", "junc", "juni", "junt", "juntosmas", "kayak", "km²mas", "kmts", "kotsuñ", "lach", "lachay", "lacustr", "lad", "lag", "lago", "lagod", "lagodesd", "lagomas", "lagopreci", "lagorecorr", "lagoun", "lagun", "lak", "lakey", "lamañan", 
"lamas", "lament", "lanch", "lanciud", "lar", "larg", "larguisimopunt", "lasmas", "lastim", "lat", "leg", "lej", "lent", "lesmas", "levant", "leyend", "leyendasmas", "libr", "lid", "liger", "lim", "limit", "limpi", "limpiez", "limpiezal", "lin", "lind", "lindodesd", "lindoel", "lindofu", "lindomuy", "lindoval", "llam", "llan", "lleg", "llegadomas", "llegandomas", "llegarmas", "llen", "llend", "llev", "llevart", "llov", "lluvi", "lluviamuy", "lluvios", "loa", "local", "lodg", "logr", "losmas", "luc", 
"lueg", "lug", "lugar", "lugaragu", "lugarel", "lugareñ", "lugarest", "lugarherm", "lugarhic", "lugarmuy", "lugarnaveg", "lugarun", "lumin", "lun", "m<U+633C><U+3E33>", "machu", "machupicchu", "madr", "madrug", "magestuos", "magi", "magiaviaj", "magic", "magical", "magicodisfrut", "magicoest", "magicol", "magicorealiz", "magnif", "magnitud", "majestu", "majestuos", "majestuosavisit", "majestuosol", "majestuosopas", "mal", "malest", "man", "maner", "maneramas", "manifiest", "mans", "manten", "mantien", 
"many", "mañan", "mar", "maravill", "maravillaun", "maravillosoel", "maravillosoinmens", "maravillosol", "maravillosopens", "maravillosoun", "maravillosov", "marc", "marel", "marmol", "marmuy", "marz", "mas", "masmas", "mat", "material", "maxim", "may", "mayor", "mayori", "mec", "med", "medi", "mediocr", "mejor", "mejorespun", "mejorun", "memori", "men", "mencion", "menor", "ment", "menus", "merc", "merced", "merec", "mes", "meset", "metr", "mezcl", "mied", "miel", "miembr", "mient", "mientr", "milenari", 
"min", "miner", "minut", "mir", "mirador", "mism", "misteri", "mistic", "misticoel", "misticov", "mit", "mitic", "miticovisit", "mochil", "mod", "moder", "modern", "moment", "montaj", "montañ", "monton", "mor", "mostr", "motiv", "mov", "moviliz", "movimient", "msm", "msnm", "msnmhermos", "mts", "much", "muchomas", "muell", "muellel", "muellesmas", "muentr", "muert", "muestr", "muev", "mujer", "multipl", "multitud", "mund", "mundoal", "mundoasombr", "mundoel", "mundoest", "mundograci", "mundoherm", 
"mundol", "mundopued", "mundoqu", "mundosin", "music", "must", "mustsol", "nac", "nadi", "national", "nativ", "natularezal", "natural", "naturalel", "naturalest", "naturalez", "naturaleza¡¡¡", "naturalezaalg", "naturalezael", "naturalezapor", "naturalezaten", "naveg", "navegacion", "navegaciòn", "navegarloy", "neces", "necesari", "necesit", "negat", "negoci", "negr", "nev", "ningun", "niñ", "nivel", "nivelsegun", "noch", "nocturn", "nocturnasel", "nomas", "non", "normal", "normalel", "normall", "nort", 
"nosmas", "notabl", "novi", "noviembr", "nub", "nubl", "nuetr", "nuev", "nunc", "nuvens", "oblig", "obligad", "obligadacontrat", "obligatori", "obligatoriaapreci", "obligatorialug", "observ", "observadoresm", "obten", "obvi", "ocasion", "ocean", "octubr", "ocult", "ocup", "ofert", "ofrec", "ofrecenmas", "ofrecert", "ofrezc", "ojal", "ojo", "ojos", "olas", "olor", "olvid", "olvidar", "ondul", "opcion", "opcionllev", "opinion", "oportun", "optar", "optim", "oralesmas", "orden", "organiz", "organizaci", 
"organizacion", "orig", "original", "orill", "otim", "pach", "pachamam", "pacienci", "pacif", "padr", "pag", "pagm", "paij", "pais", "paisaj", "paisajesd", "paisajesval", "paisajist", "paisasj", "palabr", "panoram", "par", "paradisiac", "parais", "paramas", "paramosmas", "parcial", "parec", "pareci", "parej", "parejaest", "parejapase", "parrill", "part", "parteel", "partemas", "particip", "particul", "particular", "pas", "pasadamas", "pasaport", "pase", "pastel", "patit", "paz", "pec", "peculiar", 
"peculiarsi", "ped", "pedir", "peg", "pelicul", "pen", "penale", "penamas", "penapun", "pendient", "pens", "pequeñ", "pequeñolindotranquilomagestu", "percib", "perd", "perderregate", "perdidan", "perfect", "permanec", "permit", "permiti", "pernoct", "peroo", "person", "personal", "perspect", "pertenec", "pertenecient", "peru", "peruan", "peruanamas", "peruestuv", "perugeneral", "perupar", "perutod", "pes", "pesc", "picchu", "pics", "pid", "piedr", "piens", "pierd", "pierdantom", "pies", "pill", "pintoresc", 
"pintorescomuy", "pis", "pist", "plac", "placeur", "plan", "planch", "planet", "planetaafortun", "planetateng", "planetaval", "plant", "plantacion", "plastic", "platic", "play", "plaz", "plen", "pobl", "poblacion", "poblador", "poc", "pod", "podermas", "podi", "podr", "podran", "podras", "podri", "poll", "pomat", "pon", "pont", "popular", "pormas", "porqu", "port", "portuari", "pose", "posibil", "posibl", "postr", "pre", "precaucion", "preci", "precios", "preciosoimpresion", "pref", "preferent", 
"prefier", "pregunt", "premur", "preocup", "preocupantepreocup", "prepar", "preparadomas", "present", "preserv", "presion", "prest", "previ", "primer", "principal", "principi", "principiomas", "priv", "privilegi", "problem", "proces", "product", "profund", "profundoel", "program", "promedi", "propi", "protector", "provenient", "prox", "proyect", "public", "pud", "pudiendomas", "puebl", "pueblit", "pued", "puedanmas", "puedenmas", "puert", "pues", "puest", "pum", "pun", "punoaunqu", "punoest", "punohic", 
"punonosotr", "punosi", "punoubic", "punt", "puntosn", "puñ", "pur", "qud", "quechu", "qued", "quedamosmas", "quedandot", "quedart", "quem", "quemas", "quer", "queri", "querras", "quier", "quino", "quinu", "quis", "quizas", "raic", "ram", "rap", "rar", "rarabonit", "rat", "ratingdatecomenttitlecomentdescription", "razon", "real", "realid", "realiz", "realment", "realmet", "rebañ", "recarg", "recargart", "recib", "recien", "recm", "recog", "recom", "recomend", "recomendabl", "recomendablel", "recomendableun", 
"recomendadisimoexist", "recomendbl", "recomiendomas", "recondit", "record", "recorr", "recorrerloconoc", "recorrerlpmcon", "recorri", "recorridoisl", "recuerd", "recuper", "red", "rededor", "reflej", "reflexion", "reflexionimpact", "regal", "regat", "regener", "region", "regres", "regresab", "relacion", "relaj", "relajanteel", "relajars", "relajart", "relajent", "relat", "relax", "relev", "reliz", "remot", "remuner", "repelent", "repon", "requer", "reserv", "respet", "respir", "resplandecem", "respons", 
"rest", "restaur", "restaurantestiend", "result", "retom", "retorn", "retras", "revist", "ric", "rincon", "riquez", "riquisim", "ritm", "river", "rod", "rode", "romant", "rop", "rostr", "ruin", "rumb", "russi", "rutin", "sab", "sabi", "sabros", "sac", "sacart", "sagr", "sagradoel", "sal", "sali", "salt", "salud", "salv", "salvav", "sangr", "satisfech", "sec", "segu", "segun", "segund", "segur", "seguraal", "sell", "seman", "semas", "semej", "sencill", "sencillwnt", "sender", "sensacion", "sensacionals", 
"sent", "sentart", "senti", "señor", "sep", "septiembr", "ser", "serenidadlug", "seri", "servici", "serviciomas", "show", "siempr", "sient", "siet", "sig", "sigl", "signif", "signific", "sigu", "siguient", "sillustani", "simas", "similar", "simpat", "simplement", "simpr", "sin", "sincer", "singul", "singular", "sistem", "siti", "sition", "situ", "smas", "snmlleg", "sobreactu", "sobreexpplot", "sobresalient", "sobretod", "sobrevalor", "sobreviv", "social", "socied", "sol", "soltravesi", "solun", "sombrer", 
"sonreir", "sonri", "soñ", "sop", "soport", "soroch", "sorojchi", "sorprend", "sorpres", "sorpresael", "souven", "souvenirs", "sra", "suasi", "sub", "suci", "sudamer", "sudamerican", "suel", "sueñ", "sueñofu", "suert", "suficient", "sufr", "sum", "sumas", "sumerg", "sup", "super", "superfici", "superturist", "supuest", "sur", "suramer", "surc", "surt", "tak", "tal", "tamañ", "tamañomerec", "tambi", "tan", "tant", "tantod", "taquil", "taquileexist", "taquilellev", "taquilemas", "taquilepunt", "taquileteng", 
"taquiletod", "taquill", "tard", "tarif", "tarquil", "tecn", "teimp", "tej", "tem", "temas", "temperatur", "tempran", "ten", "teni", "tequil", "tercer", "termin", "terraz", "territori", "tiahuanac", "tiemp", "tiempoadem", "tiend", "tierr", "tiicac", "tip", "tipic", "tips", "titic", "titicac", "titicacacun", "titicacael", "titicacafu", "titicacaimpresion", "titicacal", "titicacavisit", "titicsc", "titikak", "titin", "titkak", "toc", "tod", "todohay", "todxs", "toiurs", "tom", "tomens", "tonal", "top", 
"toqu", "torment", "torr", "total", "totor", "totoral", "totoramas", "tour", "touroper", "tours", "tquil", "tra", "trabaj", "trabajomas", "tradicion", "tradicional", "traduc", "trafic", "tranquil", "tranquilidadincreibl", "tranquilidadun", "tranquiloest", "tranquilomas", "transform", "transit", "transmit", "transparent", "transport", "trat", "traves", "trayect", "tren", "tres", "tribu", "trist", "tristez", "truch", "tub", "tuen", "tumb", "turism", "turist", "turistasd", "turistic", "turisticoel", 
"turisticoest", "turistizadoper", "turistizadovisit", "turques", "tutor", "ubic", "uds", "umay", "unas", "unen", "unic", "ùnic", "unica", "unicael", "unicoimperd", "unmas", "unomas", "ureñ", "uro", "uros", "urosamantani", "urosd", "urosexcelent", "urosfu", "urosinteres", "urosl", "urosmas", "urosmuy", "urospor", "urosqu", "urossi", "urosun", "urosv", "urssmas", "uru", "urus", "usad", "usar", "uso", "utiliz", "vacacion", "vacaciones", "vacacionesun", "vais", "val", "vali", "valiò", "vam", "van", "vari", 
"variasmas", "varied", "varis", "varon", "vas", "vasmas", "vast", "vay", "veas", "vec", "veget", "vegetacion", "vei", "vem", "ven", "vend", "vent", "ver", "veras", "verd", "verdader", "veriasmas", "verl", "vers", "ves", "vestiment", "vez", "viaj", "viajarmas", "viajeviaj", "vibr", "vicuñ", "vid", "vien", "viend", "vient", "vieron", "viist", "vim", "viracoch", "visdit", "visir", "visist", "visit", "visitamas", "visitar", "visitarloun", "visitenl", "vist", "vistaconoc", "vistael", "vistaherm", "vistal", 
"vistalug", "vistamas", "vistasl", "vistay", "vistomas", "visual", "viv", "vivaant", "vivenci", "vivenciaconoc", "vivencial", "vivenciamas", "viviend", "vivirh", "volv", "von", "votacion", "vuel", "vuelt", "vuelv", "waliskil", "yat", "ymas", "zon", "zonael", "zoolog"))
